,Enterococcus,Enterobacteriaceae,Bacteroides,Streptococcus,Parabacteroides,Lactobacillus,UBA1819,Finegoldia,Alistipes,Fenollaria,Erysipelatoclostridium,Bilophila,Phascolarctobacterium,Eisenbergiella,Akkermansia,Campylobacter,Anaerococcus,Bifidobacterium,Peptoniphilus,Hungatella,Ezakiella,Dialister,[Clostridium] innocuum group,Flavonifractor,Odoribacter,Parasutterella,Barnesiella,DTU089,Ruminococcus
195S1,-6.734591659972948,-0.03415485504431255,-6.734591659972948,-6.520097850238221,-6.734591659972948,-6.734591659972948,-6.734591659972948,-6.734591659972948,-6.734591659972948,-6.734591659972948,-6.734591659972948,-6.734591659972948,-6.734591659972948,-6.734591659972948,-6.734591659972948,-6.734591659972948,-6.734591659972948,-6.734591659972948,-6.734591659972948,-6.734591659972948,-6.734591659972948,-6.734591659972948,-6.734591659972948,-6.734591659972948,-6.734591659972948,-6.734591659972948,-6.734591659972948,-6.734591659972948,-6.734591659972948
197S1,-4.569885705827125,-6.734591659972948,-0.22650919240806666,-6.734591659972948,-3.9475862155980153,-6.734591659972948,-4.054354191023721,-4.733515129608927,-4.61326600145735,-6.734591659972948,-6.400111455882976,-6.734591659972948,-3.440311191555048,-3.27360895114579,-6.734591659972948,-6.734591659972948,-4.012968974860867,-6.734591659972948,-6.734591659972948,-6.734591659972948,-6.734591659972948,-4.519300209039018,-5.608983866962826,-4.385208435340711,-6.014448975070991,-6.734591659972948,-6.734591659972948,-6.734591659972948,-6.734591659972948
198S1,-6.734591659972948,-4.850746274438327,-0.334995957936369,-6.734591659972948,-3.578396172667654,-6.734591659972948,-6.734591659972948,-6.734591659972948,-2.398415795084939,-4.3337856621048205,-6.734591659972948,-6.317083343231754,-5.0361494977696895,-5.336254090220028,-6.734591659972948,-4.914259680160653,-6.734591659972948,-6.734591659972948,-6.734591659972948,-6.734591659972948,-6.734591659972948,-6.734591659972948,-5.559397641534238,-4.930788982111864,-3.6685472696619517,-6.734591659972948,-2.9944482840727007,-6.386076214718706,-3.93753720910158
198S5,-6.734591659972948,-5.7164274648243785,-0.6647701962052011,-6.734591659972948,-1.3394918926446477,-6.734591659972948,-4.500032140499885,-6.409574645384324,-5.493283913510169,-4.716255248969521,-4.693526997891965,-6.734591659972948,-6.734591659972948,-4.812715515157083,-4.649563874470849,-5.685655806157625,-7.236253218568791,-6.734591659972948,-6.734591659972948,-3.008377263722168,-6.734591659972948,-6.734591659972948,-3.8591533884856966,-4.864675254087794,-6.697256717836105,-6.734591659972948,-2.6586010614745925,-6.734591659972948,-6.879578274630059
200S1,-5.310928960086813,-3.1466485384699476,-0.6089345894631816,-6.734591659972948,-3.8689239919529164,-6.734591659972948,-6.734591659972948,-3.7225444568505446,-3.512249048014184,-4.058165991591444,-6.734591659972948,-4.71622185234012,-6.734591659972948,-6.734591659972948,-6.734591659972948,-5.038995244603171,-2.8470757194966447,-5.156778280259554,-3.0999110606182576,-6.734591659972948,-4.337942884536113,-1.842592275587029,-6.734591659972948,-5.62678190950529,-6.734591659972948,-6.734591659972948,-6.734591659972948,-6.734591659972948,-6.734591659972948
201S1,-6.734591659972948,-6.734591659972948,-1.2284396738731032,-6.734591659972948,-4.445090803719193,-6.734591659972948,-7.3354625616153575,-1.8686690450954193,-2.904645762772044,-1.8814243200705454,-3.9309373898605275,-6.734591659972948,-5.127188148092554,-6.865458932369622,-6.734591659972948,-4.581801849261096,-2.4213381678999455,-6.734591659972948,-2.0701850491455214,-6.734591659972948,-3.5883141993774457,-6.236850272947248,-6.734591659972948,-5.787900052899345,-4.235370272737124,-5.649063608045129,-3.9926007569661657,-7.440823077273184,-6.734591659972948
202S1,-6.734591659972948,-6.734591659972948,-3.0352710243423964,-7.162405409387488,-6.734591659972948,-6.734591659972948,-3.0066522190367437,-6.063793120719378,-6.734591659972948,-3.859188436085536,-6.734591659972948,-6.734591659972948,-6.734591659972948,-4.146870508537317,-1.3890968720826766,-6.574618744485369,-0.6286165714541442,-6.734591659972948,-2.9053752648882916,-6.734591659972948,-6.063793120719378,-6.734591659972948,-6.734591659972948,-6.734591659972948,-6.734591659972948,-6.734591659972948,-6.734591659972948,-6.734591659972948,-6.734591659972948
202S5,-3.899443192839978,-6.734591659972948,-0.3665679872026227,-6.734591659972948,-1.4631531111789633,-4.774911930193878,-4.115666301309614,-6.734591659972948,-5.873524218861988,-6.734591659972948,-6.734591659972948,-6.734591659972948,-6.734591659972948,-6.734591659972948,-6.734591659972948,-6.734591659972948,-6.734591659972948,-6.734591659972948,-6.734591659972948,-6.734591659972948,-6.734591659972948,-6.734591659972948,-6.734591659972948,-6.734591659972948,-6.566671399421933,-6.734591659972948,-6.734591659972948,-6.734591659972948,-6.734591659972948
203S1,-6.734591659972948,-3.0616991331300634,-1.146406181117187,-5.732393547688504,-6.734591659972948,-6.530901243906276,-3.7652811909825883,-6.734591659972948,-2.7217726616407627,-6.734591659972948,-4.358677968775474,-6.734591659972948,-0.7334935098106696,-6.734591659972948,-6.734591659972948,-6.734591659972948,-6.734591659972948,-6.734591659972948,-6.734591659972948,-6.734591659972948,-6.734591659972948,-6.734591659972948,-5.09053966151611,-5.064564175112849,-6.734591659972948,-6.734591659972948,-6.734591659972948,-6.734591659972948,-4.206337244193455
204S1,-6.734591659972948,-1.2171563010605249,-6.734591659972948,-3.8000846252509084,-6.734591659972948,-0.5341622077895911,-6.734591659972948,-6.734591659972948,-6.734591659972948,-6.734591659972948,-6.734591659972948,-6.734591659972948,-6.734591659972948,-6.734591659972948,-6.734591659972948,-6.734591659972948,-6.734591659972948,-2.7230592846378796,-6.734591659972948,-6.734591659972948,-6.734591659972948,-6.734591659972948,-6.734591659972948,-6.734591659972948,-6.734591659972948,-6.734591659972948,-6.734591659972948,-6.734591659972948,-6.734591659972948
205S1,-6.734591659972948,-6.734591659972948,-0.531516843795648,-6.734591659972948,-3.083686474610786,-6.734591659972948,-2.7021382659269135,-5.082841138184912,-1.5254861633225965,-6.734591659972948,-6.734591659972948,-6.734591659972948,-6.734591659972948,-6.408510877488367,-6.734591659972948,-6.734591659972948,-6.756817571756583,-6.734591659972948,-6.734591659972948,-3.928518242502796,-6.734591659972948,-6.734591659972948,-4.437703176811326,-4.781579807606749,-4.55037633931544,-6.734591659972948,-6.734591659972948,-6.128208912334209,-6.676774864083047
205S5,-6.734591659972948,-6.734591659972948,-0.4638673073602235,-6.559775283063548,-2.8952644199665696,-6.734591659972948,-2.6214349693180288,-6.734591659972948,-1.7267320069422387,-6.734591659972948,-6.734591659972948,-6.734591659972948,-6.734591659972948,-6.734591659972948,-6.734591659972948,-6.734591659972948,-6.734591659972948,-7.083023426828096,-6.734591659972948,-6.859879875513886,-6.734591659972948,-6.734591659972948,-3.975079162667177,-6.734591659972948,-4.029612041687427,-6.734591659972948,-6.734591659972948,-6.421624944582731,-6.026970752578782
207S1,-2.7060276241803525,-2.8793166152693437,-1.5968220161105775,-4.937704747751347,-4.062732165207923,-0.8326047411803206,-6.803572189133124,-3.143963117319301,-3.465888213193294,-6.734591659972948,-6.734591659972948,-6.734591659972948,-6.001225716608187,-5.105841669553345,-6.734591659972948,-6.734591659972948,-3.020257063359795,-8.115758578099292,-2.9774423050566896,-5.308078536048241,-6.734591659972948,-4.536215788022822,-5.950794862981295,-7.22845538309839,-8.115758578099292,-6.734591659972948,-6.734591659972948,-6.734591659972948,-6.734591659972948
208S1,-0.11132759650392991,-3.8247912562484045,-5.309066025728499,-6.734591659972948,-6.734591659972948,-6.734591659972948,-6.734591659972948,-6.734591659972948,-6.734591659972948,-6.734591659972948,-3.02428555736796,-6.734591659972948,-6.734591659972948,-6.734591659972948,-6.734591659972948,-6.734591659972948,-6.734591659972948,-6.734591659972948,-6.734591659972948,-6.734591659972948,-6.734591659972948,-6.734591659972948,-6.532841457350615,-6.734591659972948,-6.734591659972948,-6.734591659972948,-6.734591659972948,-6.734591659972948,-6.734591659972948
209S1,-3.967109772605036,-3.7460376409534546,-0.14912560073860326,-6.734591659972948,-6.734591659972948,-6.734591659972948,-6.734591659972948,-6.035368017235487,-6.734591659972948,-6.734591659972948,-6.734591659972948,-6.734591659972948,-6.734591659972948,-6.734591659972948,-3.9374155900209473,-3.41945391647905,-4.746164780290917,-6.734591659972948,-5.573403734549169,-7.703430773017111,-6.734591659972948,-6.734591659972948,-6.734591659972948,-5.11269202067266,-6.734591659972948,-6.734591659972948,-6.734591659972948,-6.8862309437871865,-6.734591659972948
220S1,-6.734591659972948,-6.734591659972948,-2.522882918896196,-6.734591659972948,-0.8130405721360277,-6.734591659972948,-6.734591659972948,-6.734591659972948,-6.734591659972948,-6.734591659972948,-2.27532084023384,-6.734591659972948,-6.734591659972948,-6.734591659972948,-1.9745666862147064,-1.599873236773296,-6.734591659972948,-6.734591659972948,-6.734591659972948,-6.734591659972948,-6.734591659972948,-6.734591659972948,-6.734591659972948,-6.734591659972948,-6.734591659972948,-5.219759819400281,-6.734591659972948,-6.734591659972948,-6.734591659972948
210S1,-6.734591659972948,-6.734591659972948,-0.468401951345252,-6.734591659972948,-4.231300930305336,-6.734591659972948,-2.304438976220717,-8.671596473103193,-6.734591659972948,-6.734591659972948,-5.231178378287757,-6.734591659972948,-2.6686975483695483,-7.4478210414810775,-6.734591659972948,-5.646305397307658,-6.734591659972948,-6.734591659972948,-6.734591659972948,-5.8865852308648545,-6.734591659972948,-6.734591659972948,-5.16904659718075,-2.4605948702751133,-6.734591659972948,-2.6967695671482343,-6.734591659972948,-7.883139112738923,-6.734591659972948
210S5,-5.272969070294106,-6.734591659972948,-0.18498700699522305,-6.734591659972948,-3.688848965844296,-6.734591659972948,-5.212344448477672,-6.734591659972948,-6.734591659972948,-6.734591659972948,-6.734591659972948,-6.734591659972948,-6.0996476434785745,-6.734591659972948,-6.734591659972948,-6.734591659972948,-6.734591659972948,-6.734591659972948,-6.734591659972948,-6.734591659972948,-6.734591659972948,-6.734591659972948,-3.768891673517832,-6.0996476434785745,-6.734591659972948,-2.516128705022464,-6.734591659972948,-6.734591659972948,-6.734591659972948
211S1,-0.055751827158331886,-6.734591659972948,-5.37688675887121,-6.805540393830243,-6.734591659972948,-6.734591659972948,-6.158302914574375,-6.734591659972948,-4.119526081127213,-6.734591659972948,-6.734591659972948,-6.725497686156706,-6.734591659972948,-6.734591659972948,-5.889249661956088,-6.734591659972948,-6.734591659972948,-6.734591659972948,-6.734591659972948,-6.734591659972948,-6.734591659972948,-6.734591659972948,-6.734591659972948,-6.734591659972948,-6.734591659972948,-6.734591659972948,-6.734591659972948,-6.734591659972948,-6.734591659972948
211S5,-0.8637822421602673,-8.04823299070245,-7.243860175032282,-6.370586828241817,-6.734591659972948,-6.734591659972948,-6.734591659972948,-6.734591659972948,-6.145247886364172,-9.272008422324566,-6.734591659972948,-0.5996593421871442,-6.734591659972948,-6.734591659972948,-6.348846841605411,-6.734591659972948,-6.734591659972948,-9.782834046090558,-9.782834046090558,-6.734591659972948,-6.734591659972948,-6.734591659972948,-6.734591659972948,-6.734591659972948,-6.734591659972948,-6.734591659972948,-6.734591659972948,-6.734591659972948,-6.734591659972948
212S1,-7.536598628749732,-3.811708737112763,-0.29046816300029626,-6.293405111270515,-3.2424928754483213,-6.416007433362847,-4.739317293919579,-4.180863621164335,-2.8877305874959216,-6.734591659972948,-6.734591659972948,-4.680128422529249,-6.734591659972948,-4.602741758913829,-4.094046061405663,-6.734591659972948,-6.810661625366796,-7.759742180063943,-6.312823197127616,-6.734591659972948,-6.734591659972948,-7.300209850685502,-5.508450381457447,-6.255664783287668,-3.6434187111230663,-6.734591659972948,-6.734591659972948,-6.843451448189787,-3.710859991918599
213S1,-6.734591659972948,-3.7690419915207674,-0.09472590159472773,-6.734591659972948,-4.722146696517639,-6.734591659972948,-6.734591659972948,-6.734591659972948,-4.077008735144054,-6.734591659972948,-6.734591659972948,-6.734591659972948,-6.734591659972948,-6.734591659972948,-6.734591659972948,-6.734591659972948,-6.734591659972948,-6.801588238197475,-6.734591659972948,-6.734591659972948,-6.734591659972948,-6.734591659972948,-5.030882178167253,-6.734591659972948,-4.87369659464484,-6.734591659972948,-6.734591659972948,-6.734591659972948,-6.734591659972948
213S5,-6.734591659972948,-2.585836789000244,-0.6953273410350393,-6.734591659972948,-5.540959630474997,-5.998792724100477,-6.734591659972948,-6.734591659972948,-7.034884655787253,-6.734591659972948,-2.6946274339896665,-7.353338386905787,-3.8492836198039244,-6.734591659972948,-6.734591659972948,-6.734591659972948,-6.734591659972948,-1.225378095209268,-6.734591659972948,-6.734591659972948,-6.734591659972948,-6.734591659972948,-4.363875726365392,-6.734591659972948,-6.734591659972948,-6.734591659972948,-6.734591659972948,-6.734591659972948,-6.734591659972948
214S1,-2.869073676539497,-4.97422357492954,-1.0294107466784028,-6.734591659972948,-4.302129803567427,-5.667370755489485,-6.734591659972948,-3.3002471413578682,-3.9933943219178136,-2.5139227359437397,-6.734591659972948,-4.933401580409285,-6.734591659972948,-6.734591659972948,-6.206367256222173,-2.326277297897035,-1.8570114038378394,-3.442747203965151,-4.32363600878839,-6.734591659972948,-5.261905647381321,-3.277080082076334,-6.734591659972948,-4.894180867256003,-3.9933943219178136,-6.734591659972948,-3.3002471413578682,-6.734591659972948,-6.734591659972948
214S5,-4.752874385321364,-4.523908401255722,-0.3243629877905644,-6.734591659972948,-1.6519275921679129,-9.113239523214066,-9.113239523214066,-6.734591659972948,-5.389268749288861,-6.734591659972948,-6.734591659972948,-6.734591659972948,-3.230713313111795,-6.734591659972948,-7.763312806265051,-6.734591659972948,-6.734591659972948,-6.734591659972948,-6.734591659972948,-6.734591659972948,-6.734591659972948,-6.734591659972948,-7.033797981534231,-7.763312806265051,-7.395588026139734,-6.734591659972948,-8.661254399471009,-6.734591659972948,-6.734591659972948
215S1,-3.0337214461538506,-2.737955255302111,-0.5591494001766143,-6.734591659972948,-4.010231038021061,-6.734591659972948,-6.734591659972948,-4.831995596403099,-2.9677634783620532,-2.774859812237562,-6.734591659972948,-5.152903316483201,-6.734591659972948,-5.026151610844057,-6.734591659972948,-5.930607885071209,-5.152903316483201,-6.734591659972948,-4.12909224089779,-6.734591659972948,-3.431102435862056,-2.4985200163897154,-6.734591659972948,-6.734591659972948,-4.892620218219534,-6.734591659972948,-6.734591659972948,-6.734591659972948,-6.734591659972948
216S1,-6.869605233021076,-1.7806380956549133,-0.3090461540231277,-4.4921188318539125,-3.513870225435678,-5.770992944352966,-4.412869460199772,-5.975787356998979,-6.734591659972948,-6.734591659972948,-6.734591659972948,-5.88877598000935,-4.5235350280872915,-6.734591659972948,-6.734591659972948,-6.734591659972948,-6.734591659972948,-6.734591659972948,-6.294241088117515,-6.734591659972948,-6.734591659972948,-6.734591659972948,-6.734591659972948,-6.294241088117515,-6.734591659972948,-6.734591659972948,-6.734591659972948,-6.734591659972948,-6.734591659972948
217S1,-5.258139891333848,-5.2063148234692616,-0.7723763988469614,-6.367447469118706,-2.31650439031419,-6.734591659972948,-5.83114276005173,-6.734591659972948,-1.0959378537161124,-6.734591659972948,-6.734591659972948,-4.528435115040105,-6.734591659972948,-6.734591659972948,-3.940648450137986,-6.734591659972948,-6.734591659972948,-6.734591659972948,-6.734591659972948,-5.611779931577426,-6.734591659972948,-4.097652198947651,-6.623380843255906,-6.1125552194899155,-6.163848513877467,-6.734591659972948,-6.734591659972948,-6.734591659972948,-4.068093396706106
218S1,-6.734591659972948,-6.734591659972948,-2.256157539499192,-6.734591659972948,-6.734591659972948,-6.734591659972948,-6.233500011047981,-0.7215845060292655,-6.734591659972948,-6.734591659972948,-3.1889775733245576,-6.734591659972948,-6.734591659972948,-6.734591659972948,-4.84720564992809,-3.1453025098218963,-1.4167529101171448,-6.734591659972948,-3.0425093896693154,-6.734591659972948,-6.734591659972948,-6.734591659972948,-6.734591659972948,-6.734591659972948,-6.734591659972948,-6.734591659972948,-6.734591659972948,-6.734591659972948,-6.734591659972948
219S1,-6.734591659972948,-6.734591659972948,-0.3683677428293925,-5.228868971051606,-2.694180585371878,-4.946408842580976,-6.734591659972948,-3.107938990308354,-4.810524200079779,-4.6708417458013205,-6.734591659972948,-6.734591659972948,-6.734591659972948,-6.734591659972948,-7.9579725813516475,-6.734591659972948,-2.315386700567353,-6.734591659972948,-4.360951823461666,-6.734591659972948,-4.194795203521067,-4.792407762574476,-4.45375785264023,-6.734591659972948,-6.734591659972948,-6.734591659972948,-6.734591659972948,-6.734591659972948,-6.734591659972948
221S1,-6.734591659972948,-1.7445259110559923,-1.9640593501461026,-6.734591659972948,-3.5165891303083234,-6.734591659972948,-6.067453747888121,-5.862659335242108,-3.0015172156608814,-2.103183357906685,-6.734591659972948,-5.574977262790327,-6.734591659972948,-6.734591659972948,-6.734591659972948,-1.5035791533981162,-5.862659335242108,-6.734591659972948,-3.9655393503562264,-6.734591659972948,-2.2124822101472095,-4.147860907150181,-6.734591659972948,-6.734591659972948,-2.4688969320674703,-6.734591659972948,-7.079054659566601,-6.734591659972948,-5.469616747132501
222S1,-6.734591659972948,-6.734591659972948,-0.12776032277227525,-6.734591659972948,-6.734591659972948,-6.734591659972948,-4.684187373188043,-4.507658137098593,-6.734591659972948,-6.734591659972948,-5.428106879121412,-6.734591659972948,-3.952200359311834,-5.914917626683528,-6.734591659972948,-6.734591659972948,-8.606160709469357,-6.734591659972948,-5.549803814098931,-3.8504176650018915,-7.913013528909412,-6.734591659972948,-3.827037216357828,-5.117257747388097,-6.734591659972948,-6.734591659972948,-6.734591659972948,-7.048016091422808,-6.734591659972948
223S1,-4.879090751342649,-1.5828077555071416,-0.5275957815459729,-6.734591659972948,-2.8828343999676513,-6.734591659972948,-6.734591659972948,-2.9711857607802052,-4.7981216888089815,-6.758957488080971,-6.734591659972948,-6.734591659972948,-6.734591659972948,-6.734591659972948,-5.113339919069368,-6.734591659972948,-4.435538308184083,-6.734591659972948,-3.783159429427797,-6.253408921415824,-8.09395855481331,-4.390190488205624,-6.734591659972948,-6.546396046097298,-5.811576169136784,-5.083337668765569,-6.734591659972948,-6.734591659972948,-8.450633498752044
50S1,-6.734591659972948,-1.4558043541997483,-0.648017806086387,-1.5474489441108663,-6.734591659972948,-6.734591659972948,-6.734591659972948,-6.734591659972948,-6.734591659972948,-6.734591659972948,-6.734591659972948,-6.734591659972948,-6.734591659972948,-6.734591659972948,-6.734591659972948,-6.734591659972948,-6.734591659972948,-6.734591659972948,-6.734591659972948,-6.734591659972948,-6.734591659972948,-6.734591659972948,-6.734591659972948,-6.734591659972948,-6.734591659972948,-6.734591659972948,-6.734591659972948,-6.734591659972948,-6.734591659972948
70S1,-6.734591659972948,-6.734591659972948,-0.4779962434071212,-6.734591659972948,-8.072377485958938,-6.734591659972948,-2.1575240412227963,-6.734591659972948,-3.0717925277161835,-6.734591659972948,-6.734591659972948,-6.734591659972948,-3.182028357737184,-6.734591659972948,-2.6742147844411854,-6.734591659972948,-6.734591659972948,-6.734591659972948,-6.734591659972948,-6.734591659972948,-6.734591659972948,-6.734591659972948,-6.734591659972948,-3.9292427595674053,-6.734591659972948,-6.734591659972948,-2.781588385831693,-6.280618016730883,-6.734591659972948
89S1,-6.734591659972948,-5.500830250950589,-0.3111035436107855,-6.734591659972948,-4.009297332829039,-6.734591659972948,-5.742435865104534,-6.734591659972948,-4.764717034507201,-6.734591659972948,-7.2129223174447725,-6.734591659972948,-6.734591659972948,-6.734591659972948,-1.7415605281803321,-6.734591659972948,-6.734591659972948,-6.734591659972948,-6.734591659972948,-3.6286529099102887,-6.734591659972948,-6.734591659972948,-4.732530348011299,-7.645786399741052,-6.734591659972948,-6.734591659972948,-6.734591659972948,-8.626615652752777,-6.734591659972948
93S1,-6.734591659972948,-1.532177230388665,-0.6862334663491907,-6.734591659972948,-4.353285517418605,-6.734591659972948,-5.57252579387533,-6.734591659972948,-1.7363874859720567,-6.734591659972948,-6.734591659972948,-6.734591659972948,-6.734591659972948,-6.734591659972948,-6.528037238902766,-6.734591659972948,-6.734591659972948,-6.734591659972948,-6.734591659972948,-6.734591659972948,-6.734591659972948,-4.255911353393429,-6.734591659972948,-6.734591659972948,-3.3753012165391105,-4.7530848879910925,-5.023959842126493,-6.734591659972948,-6.734591659972948
114S1,-3.6520899020903848,-6.734591659972948,-0.8697195563748904,-6.734591659972948,-0.7000917885240315,-8.343437784319528,-5.159449218451769,-6.734591659972948,-7.891452660576472,-6.734591659972948,-6.734591659972948,-6.888150551712687,-6.734591659972948,-6.734591659972948,-6.734591659972948,-6.734591659972948,-6.734591659972948,-6.734591659972948,-6.734591659972948,-6.734591659972948,-6.734591659972948,-6.734591659972948,-6.734591659972948,-5.616519098912936,-6.734591659972948,-3.743998273040422,-6.734591659972948,-6.734591659972948,-6.734591659972948
115S1,-6.734591659972948,-6.734591659972948,-0.09622302258240752,-7.88498721929406,-4.3320229491599225,-9.27128158041395,-6.734591659972948,-6.734591659972948,-4.696570601910568,-6.734591659972948,-6.734591659972948,-6.734591659972948,-6.734591659972948,-6.734591659972948,-6.734591659972948,-6.734591659972948,-6.734591659972948,-6.734591659972948,-6.734591659972948,-6.734591659972948,-6.734591659972948,-3.424842805356226,-6.734591659972948,-6.734591659972948,-4.576880260697917,-6.734591659972948,-6.734591659972948,-6.734591659972948,-6.734591659972948
116S1,-4.145121156425478,-6.734591659972948,-5.381883783574405,-6.734591659972948,-4.716907479981156,-6.734591659972948,-2.285803536186132,-6.734591659972948,-5.381883783574405,-6.734591659972948,-0.9867489929477842,-6.734591659972948,-3.0904719911784846,-4.422107939760512,-6.734591659972948,-6.734591659972948,-6.734591659972948,-6.734591659972948,-6.734591659972948,-1.078569723075458,-6.734591659972948,-6.734591659972948,-3.6571350246293104,-6.734591659972948,-6.734591659972948,-6.734591659972948,-6.734591659972948,-3.062769388629149,-6.734591659972948
117S1,-6.734591659972948,-6.734591659972948,-3.728336004574618,-7.000752596370848,-6.734591659972948,-6.734591659972948,-0.5120227018698177,-6.734591659972948,-6.734591659972948,-6.734591659972948,-2.758526967335085,-6.734591659972948,-6.734591659972948,-1.2622668082025694,-6.734591659972948,-6.734591659972948,-6.734591659972948,-6.734591659972948,-6.734591659972948,-6.734591659972948,-6.734591659972948,-6.734591659972948,-6.734591659972948,-6.000580380515991,-6.734591659972948,-6.734591659972948,-6.734591659972948,-6.734591659972948,-7.208391961149093
119S1,-6.734591659972948,-6.734591659972948,-0.551051050093009,-6.652795809463287,-2.7508231398886425,-6.734591659972948,-3.1033090477238643,-6.734591659972948,-2.3853258865395945,-6.734591659972948,-6.734591659972948,-6.734591659972948,-6.734591659972948,-4.760231641113267,-2.008404910321914,-6.734591659972948,-6.734591659972948,-6.734591659972948,-8.239760866045328,-4.035068246654363,-7.345942990023232,-6.734591659972948,-6.734591659972948,-3.9708407191439288,-4.190878677899986,-4.939817218088346,-6.734591659972948,-6.734591659972948,-6.734591659972948
129S1,-6.734591659972948,-6.734591659972948,-1.533082199499123,-5.500429325647129,-2.741735391726164,-6.734591659972948,-4.238432681204816,-6.734591659972948,-0.8303959958924187,-6.734591659972948,-6.015593351011718,-4.708436310450551,-6.734591659972948,-4.048176996735441,-2.3860485901603257,-6.734591659972948,-6.734591659972948,-3.5379594605527975,-6.734591659972948,-3.84529818555413,-6.734591659972948,-3.3672623846111303,-4.794378740251276,-6.734591659972948,-3.9470808798640724,-5.873942833948691,-6.734591659972948,-4.29905730302125,-6.734591659972948
133S1,-6.734591659972948,-3.437824497695903,-0.16629720598084918,-6.734591659972948,-2.7670752036450876,-3.680959195488678,-6.734591659972948,-6.734591659972948,-6.734591659972948,-6.734591659972948,-6.734591659972948,-6.734591659972948,-6.734591659972948,-6.734591659972948,-6.087303522773576,-6.734591659972948,-6.734591659972948,-6.734591659972948,-6.734591659972948,-6.734591659972948,-6.734591659972948,-5.84044344484205,-6.734591659972948,-6.554644034599828,-6.533590625401995,-6.734591659972948,-6.734591659972948,-6.734591659972948,-6.734591659972948
136S1,-6.734591659972948,-1.9884064378709634,-0.7305283687088251,-2.5792747693104907,-6.734591659972948,-6.734591659972948,-6.734591659972948,-6.734591659972948,-4.958820903440665,-6.734591659972948,-6.734591659972948,-4.083352166086764,-2.8546867491704573,-6.734591659972948,-6.734591659972948,-6.734591659972948,-6.734591659972948,-1.6194989254965968,-6.734591659972948,-6.734591659972948,-6.734591659972948,-6.734591659972948,-6.734591659972948,-6.734591659972948,-6.734591659972948,-6.734591659972948,-6.734591659972948,-6.734591659972948,-6.734591659972948
138S1,-6.734591659972948,-5.724807279220866,-0.5709903366679259,-5.3711672389772875,-2.529231098180718,-6.734591659972948,-3.1906295804260827,-6.734591659972948,-1.8948492268470243,-6.734591659972948,-6.734591659972948,-4.121448412863148,-4.204035003872422,-6.734591659972948,-3.6567944333646527,-6.734591659972948,-6.734591659972948,-6.734591659972948,-6.734591659972948,-6.734591659972948,-6.734591659972948,-6.734591659972948,-4.616144654699255,-5.437125206769085,-6.734591659972948,-6.734591659972948,-4.0283579897971356,-3.0392299339707143,-6.734591659972948
144S1,-5.579778091605095,-6.734591659972948,-3.8872252724604883,-6.734591659972948,-6.734591659972948,-6.734591659972948,-3.6386412213024397,-6.734591659972948,-6.734591659972948,-6.734591659972948,-0.13678334702228215,-6.734591659972948,-3.021259624473849,-6.734591659972948,-6.734591659972948,-6.734591659972948,-6.734591659972948,-6.734591659972948,-6.734591659972948,-6.734591659972948,-6.734591659972948,-6.734591659972948,-6.734591659972948,-6.734591659972948,-6.734591659972948,-6.734591659972948,-6.734591659972948,-6.734591659972948,-6.734591659972948
147S1,-0.07532083585034478,-7.184210817459192,-6.734591659972948,-6.734591659972948,-6.734591659972948,-6.734591659972948,-6.734591659972948,-6.734591659972948,-6.734591659972948,-6.734591659972948,-6.734591659972948,-4.127234918664483,-5.513529279784374,-4.142197791341195,-6.734591659972948,-6.734591659972948,-5.138217209846896,-6.734591659972948,-6.734591659972948,-6.734591659972948,-6.734591659972948,-6.734591659972948,-5.383717668262382,-6.734591659972948,-8.049208254945796,-6.734591659972948,-6.734591659972948,-6.734591659972948,-6.734591659972948
150S1,-9.053264518363846,-0.03193804704274363,-6.568357868575847,-7.005571674998591,-6.734591659972948,-6.734591659972948,-6.734591659972948,-6.734591659972948,-6.734591659972948,-6.734591659972948,-6.734591659972948,-6.734591659972948,-6.734591659972948,-6.734591659972948,-7.666970157243957,-6.734591659972948,-6.734591659972948,-6.734591659972948,-6.734591659972948,-6.734591659972948,-6.734591659972948,-6.734591659972948,-6.734591659972948,-6.734591659972948,-6.734591659972948,-6.734591659972948,-6.734591659972948,-6.734591659972948,-6.734591659972948
153S1,-6.734591659972948,-6.734591659972948,-1.032138520034675,-7.583932885811737,-3.1094410234657617,-6.734591659972948,-6.734591659972948,-3.5563515397493184,-3.838850335139243,-0.830932635905749,-6.734591659972948,-6.734591659972948,-4.607128622143264,-6.734591659972948,-6.734591659972948,-6.734591659972948,-3.943062650884161,-6.734591659972948,-3.1848647852830037,-6.734591659972948,-5.999812781361927,-5.962072453379079,-6.734591659972948,-6.734591659972948,-7.060684742047189,-4.061255606611872,-6.734591659972948,-6.734591659972948,-6.734591659972948
155S1,-6.734591659972948,-6.734591659972948,-0.8718499791846898,-6.734591659972948,-3.5293641060291234,-6.734591659972948,-5.958840950877793,-6.489469201939963,-1.3519076142713204,-1.8361439740648247,-6.734591659972948,-6.734591659972948,-5.49621742892968,-5.920374670049997,-6.734591659972948,-3.602808023440334,-5.326318392134282,-6.734591659972948,-6.894934310048127,-6.734591659972948,-3.937423249314334,-4.492503882084366,-6.734591659972948,-6.734591659972948,-3.3254016135667572,-6.734591659972948,-5.5339577569125264,-6.734591659972948,-5.459849784758805
156S1,-5.162401366711532,-6.734591659972948,-0.03856679526704354,-6.734591659972948,-6.734591659972948,-6.734591659972948,-6.734591659972948,-6.734591659972948,-6.734591659972948,-6.734591659972948,-6.734591659972948,-6.734591659972948,-6.734591659972948,-6.734591659972948,-6.734591659972948,-6.734591659972948,-6.734591659972948,-6.734591659972948,-6.734591659972948,-6.734591659972948,-6.734591659972948,-6.734591659972948,-6.734591659972948,-6.734591659972948,-6.734591659972948,-6.734591659972948,-6.734591659972948,-6.734591659972948,-6.734591659972948
160S1,-3.8153047607729538,-6.734591659972948,-0.07030965853252999,-6.734591659972948,-9.154444121841246,-6.734591659972948,-6.734591659972948,-6.734591659972948,-6.734591659972948,-6.734591659972948,-7.810709375140151,-6.734591659972948,-4.441915417532655,-6.734591659972948,-6.734591659972948,-6.734591659972948,-6.734591659972948,-6.734591659972948,-6.734591659972948,-6.734591659972948,-6.734591659972948,-6.734591659972948,-6.734591659972948,-6.734591659972948,-6.734591659972948,-5.123157695586282,-6.734591659972948,-6.5273629832727025,-6.734591659972948
161S1,-6.734591659972948,-4.6619391380648665,-0.997931660452133,-6.315828813069801,-2.518298806862753,-5.556723664718058,-5.795953353783892,-5.0124221117556775,-0.9656955614357949,-4.60285022169486,-6.734591659972948,-6.734591659972948,-3.256268497981837,-6.734591659972948,-6.734591659972948,-5.94113536362839,-4.9642200099378,-6.734591659972948,-4.409658992664001,-4.113566441703624,-5.578229869939022,-3.9346005927566416,-6.734591659972948,-5.645671150734554,-6.734591659972948,-4.3009257925275355,-6.734591659972948,-6.734591659972948,-5.076137926141786
162S1,-6.734591659972948,-6.734591659972948,-0.20153588793610613,-6.734591659972948,-2.9980324758795063,-6.734591659972948,-4.035424727411417,-4.376613953910769,-4.057515685225609,-6.734591659972948,-7.479547153790606,-6.573838531246988,-3.8146368897896665,-6.734591659972948,-6.734591659972948,-4.658795030172202,-4.007253850444721,-6.734591659972948,-6.093252792670716,-5.541184210370676,-6.734591659972948,-6.734591659972948,-6.734591659972948,-4.799968626769709,-6.734591659972948,-6.734591659972948,-6.734591659972948,-6.734591659972948,-6.734591659972948
164S1,-6.734591659972948,-0.8324116321932997,-0.9364672066848686,-6.734591659972948,-2.810346227531299,-6.734591659972948,-6.734591659972948,-6.734591659972948,-3.1360656723762506,-3.6397864705184966,-6.734591659972948,-6.734591659972948,-6.734591659972948,-6.734591659972948,-6.734591659972948,-5.882267639442837,-6.734591659972948,-4.901438386431111,-6.734591659972948,-6.734591659972948,-6.734591659972948,-6.734591659972948,-6.734591659972948,-6.734591659972948,-6.734591659972948,-6.734591659972948,-4.840813764614675,-6.734591659972948,-6.734591659972948
165S1,-0.06774720789877588,-6.782045476200195,-3.7127692993238335,-6.734591659972948,-6.734591659972948,-6.734591659972948,-6.734591659972948,-4.843682532780265,-6.63544200200832,-6.681962017643213,-6.734591659972948,-6.734591659972948,-6.734591659972948,-6.734591659972948,-6.734591659972948,-6.734591659972948,-7.241577805578635,-6.734591659972948,-5.477989213317277,-6.734591659972948,-6.9538957331268545,-6.836112697470471,-6.734591659972948,-6.734591659972948,-6.734591659972948,-6.734591659972948,-6.734591659972948,-6.734591659972948,-6.734591659972948
166S1,-6.734591659972948,-2.397608611761326,-0.22901253758231904,-6.734591659972948,-3.371285152022189,-4.4875970177896995,-6.734591659972948,-6.734591659972948,-4.414446136154084,-6.734591659972948,-6.734591659972948,-6.734591659972948,-6.734591659972948,-6.734591659972948,-6.734591659972948,-6.734591659972948,-6.734591659972948,-6.734591659972948,-6.734591659972948,-6.734591659972948,-6.734591659972948,-4.51474800685565,-6.734591659972948,-6.734591659972948,-4.159450157465505,-6.734591659972948,-5.399433399314474,-6.734591659972948,-6.734591659972948
